States,$,CLASS,ID,LBRACE,RBRACE,LPAREN,TYPE,RPAREN,LBRACKET,COMMA,RBRACKET,VOID,LET,SEMICOLON,IN_STRING,IN_INT,CONSTANT,LEN,DOT,POOL,ROF,FI,IF,WHILE,FOR,BREAK,CONTINUE,PRINT,RETURN,THEN,ELSE,LOOP,RPAREN,NEW,INCREMENT,DECREMENT,PLUS,MINUS,OPERATOR,ARRAY,LPAREN,RPRAEN,ASSIGNMENT,TIMES,DIVIDE,AND,BITWISE_AND,Assignment,VariableDCL,Expression,Statement,FExpression,MAIN,ClassDCL,TERM,MethodDCL
0,ERROR,PUSH_GOTO S2 NoSem,ERROR,ERROR,ERROR,ERROR,ERROR,ERROR,ERROR,ERROR,ERROR,ERROR,ERROR,ERROR,ERROR,ERROR,ERROR,ERROR,ERROR,ERROR,ERROR,ERROR,ERROR,ERROR,ERROR,ERROR,ERROR,ERROR,ERROR,ERROR,ERROR,ERROR,ERROR,ERROR,ERROR,ERROR,ERROR,ERROR,ERROR,ERROR,ERROR,ERROR,ERROR,ERROR,ERROR,ERROR,ERROR,ERROR,ERROR,ERROR,ERROR,ERROR,ERROR,GOTO S1 NoSem,ERROR,ERROR
1,ACCEPT NoSem,PUSH_GOTO S2 NoSem,ERROR,ERROR,ERROR,ERROR,ERROR,ERROR,ERROR,ERROR,ERROR,ERROR,ERROR,ERROR,ERROR,ERROR,ERROR,ERROR,ERROR,ERROR,ERROR,ERROR,ERROR,ERROR,ERROR,ERROR,ERROR,ERROR,ERROR,ERROR,ERROR,ERROR,ERROR,ERROR,ERROR,ERROR,ERROR,ERROR,ERROR,ERROR,ERROR,ERROR,ERROR,ERROR,ERROR,ERROR,ERROR,ERROR,ERROR,ERROR,ERROR,ERROR,ERROR,GOTO S1 NoSem,ERROR,ERROR
2,ERROR,SHIFT S3 NoSem,ERROR,ERROR,ERROR,ERROR,ERROR,ERROR,ERROR,ERROR,ERROR,ERROR,ERROR,ERROR,ERROR,ERROR,ERROR,ERROR,ERROR,ERROR,ERROR,ERROR,ERROR,ERROR,ERROR,ERROR,ERROR,ERROR,ERROR,ERROR,ERROR,ERROR,ERROR,ERROR,ERROR,ERROR,ERROR,ERROR,ERROR,ERROR,ERROR,ERROR,ERROR,ERROR,ERROR,ERROR,ERROR,ERROR,ERROR,ERROR,ERROR,ERROR,ERROR,ERROR,ERROR,ERROR
3,ERROR,ERROR,SHIFT S4 @declare_class,ERROR,ERROR,ERROR,ERROR,ERROR,ERROR,ERROR,ERROR,ERROR,ERROR,ERROR,ERROR,ERROR,ERROR,ERROR,ERROR,ERROR,ERROR,ERROR,ERROR,ERROR,ERROR,ERROR,ERROR,ERROR,ERROR,ERROR,ERROR,ERROR,ERROR,ERROR,ERROR,ERROR,ERROR,ERROR,ERROR,ERROR,ERROR,ERROR,ERROR,ERROR,ERROR,ERROR,ERROR,ERROR,ERROR,ERROR,ERROR,ERROR,ERROR,ERROR,ERROR,ERROR
4,ERROR,ERROR,ERROR,SHIFT S5 NoSem,ERROR,ERROR,ERROR,ERROR,ERROR,ERROR,ERROR,ERROR,ERROR,ERROR,ERROR,ERROR,ERROR,ERROR,ERROR,ERROR,ERROR,ERROR,ERROR,ERROR,ERROR,ERROR,ERROR,ERROR,ERROR,ERROR,ERROR,ERROR,ERROR,ERROR,ERROR,ERROR,ERROR,ERROR,ERROR,ERROR,ERROR,ERROR,ERROR,ERROR,ERROR,ERROR,ERROR,ERROR,ERROR,ERROR,ERROR,ERROR,ERROR,ERROR,ERROR,ERROR
5,ERROR,ERROR,PUSH_GOTO S18 NoSem,ERROR,SHIFT S6 @end_declare_class,ERROR,PUSH_GOTO S18 NoSem,ERROR,ERROR,ERROR,ERROR,PUSH_GOTO S18 NoSem,PUSH_GOTO S20 NoSem,ERROR,ERROR,ERROR,ERROR,ERROR,ERROR,ERROR,ERROR,ERROR,ERROR,ERROR,ERROR,ERROR,ERROR,ERROR,ERROR,ERROR,ERROR,ERROR,ERROR,ERROR,ERROR,ERROR,ERROR,ERROR,ERROR,ERROR,ERROR,ERROR,ERROR,ERROR,ERROR,ERROR,ERROR,ERROR,GOTO S5 NoSem,ERROR,ERROR,ERROR,ERROR,ERROR,ERROR,GOTO S5 NoSem
6,REDUCE ClassDCL,REDUCE ClassDCL,ERROR,ERROR,ERROR,ERROR,ERROR,ERROR,ERROR,ERROR,ERROR,ERROR,ERROR,ERROR,ERROR,ERROR,ERROR,ERROR,ERROR,ERROR,ERROR,ERROR,ERROR,ERROR,ERROR,ERROR,ERROR,ERROR,ERROR,ERROR,ERROR,ERROR,ERROR,ERROR,ERROR,ERROR,ERROR,ERROR,ERROR,ERROR,ERROR,ERROR,ERROR,ERROR,ERROR,ERROR,ERROR,ERROR,ERROR,ERROR,ERROR,ERROR,ERROR,ERROR,ERROR,ERROR
7,ERROR,ERROR,ERROR,ERROR,ERROR,SHIFT S8 NoSem,ERROR,ERROR,ERROR,ERROR,ERROR,ERROR,ERROR,ERROR,ERROR,ERROR,ERROR,ERROR,ERROR,ERROR,ERROR,ERROR,ERROR,ERROR,ERROR,ERROR,ERROR,ERROR,ERROR,ERROR,ERROR,ERROR,ERROR,ERROR,ERROR,ERROR,ERROR,ERROR,ERROR,ERROR,ERROR,ERROR,ERROR,ERROR,ERROR,ERROR,ERROR,ERROR,ERROR,ERROR,ERROR,ERROR,ERROR,ERROR,ERROR,ERROR
8,ERROR,ERROR,SHIFT S9 NoSem,ERROR,ERROR,ERROR,SHIFT S9 NoSem,SHIFT S15 NoSem,ERROR,ERROR,ERROR,ERROR,ERROR,ERROR,ERROR,ERROR,ERROR,ERROR,ERROR,ERROR,ERROR,ERROR,ERROR,ERROR,ERROR,ERROR,ERROR,ERROR,ERROR,ERROR,ERROR,ERROR,ERROR,ERROR,ERROR,ERROR,ERROR,ERROR,ERROR,ERROR,ERROR,ERROR,ERROR,ERROR,ERROR,ERROR,ERROR,ERROR,ERROR,ERROR,ERROR,ERROR,ERROR,ERROR,ERROR,ERROR
9,ERROR,ERROR,SHIFT S11 NoSem,ERROR,ERROR,ERROR,ERROR,ERROR,SHIFT S12 NoSem,ERROR,ERROR,ERROR,ERROR,ERROR,ERROR,ERROR,ERROR,ERROR,ERROR,ERROR,ERROR,ERROR,ERROR,ERROR,ERROR,ERROR,ERROR,ERROR,ERROR,ERROR,ERROR,ERROR,ERROR,ERROR,ERROR,ERROR,ERROR,ERROR,ERROR,ERROR,ERROR,ERROR,ERROR,ERROR,ERROR,ERROR,ERROR,ERROR,ERROR,ERROR,ERROR,ERROR,ERROR,ERROR,ERROR,ERROR
10,ERROR,ERROR,ERROR,ERROR,ERROR,ERROR,ERROR,ERROR,ERROR,ERROR,ERROR,ERROR,ERROR,ERROR,ERROR,ERROR,ERROR,ERROR,ERROR,ERROR,ERROR,ERROR,ERROR,ERROR,ERROR,ERROR,ERROR,ERROR,ERROR,ERROR,ERROR,ERROR,ERROR,ERROR,ERROR,ERROR,ERROR,ERROR,ERROR,ERROR,ERROR,ERROR,ERROR,ERROR,ERROR,ERROR,ERROR,ERROR,ERROR,ERROR,ERROR,ERROR,ERROR,ERROR,ERROR,ERROR
11,ERROR,ERROR,ERROR,ERROR,ERROR,ERROR,ERROR,SHIFT S15 NoSem,ERROR,SHIFT S8 NoSem,ERROR,ERROR,ERROR,ERROR,ERROR,ERROR,ERROR,ERROR,ERROR,ERROR,ERROR,ERROR,ERROR,ERROR,ERROR,ERROR,ERROR,ERROR,ERROR,ERROR,ERROR,ERROR,ERROR,ERROR,ERROR,ERROR,ERROR,ERROR,ERROR,ERROR,ERROR,ERROR,ERROR,ERROR,ERROR,ERROR,ERROR,ERROR,ERROR,ERROR,ERROR,ERROR,ERROR,ERROR,ERROR,ERROR
12,ERROR,ERROR,ERROR,ERROR,ERROR,ERROR,ERROR,ERROR,ERROR,ERROR,SHIFT S14 NoSem,ERROR,ERROR,ERROR,ERROR,ERROR,ERROR,ERROR,ERROR,ERROR,ERROR,ERROR,ERROR,ERROR,ERROR,ERROR,ERROR,ERROR,ERROR,ERROR,ERROR,ERROR,ERROR,ERROR,ERROR,ERROR,ERROR,ERROR,ERROR,ERROR,ERROR,ERROR,ERROR,ERROR,ERROR,ERROR,ERROR,ERROR,ERROR,ERROR,ERROR,ERROR,ERROR,ERROR,ERROR,ERROR
13,ERROR,ERROR,ERROR,ERROR,ERROR,ERROR,ERROR,ERROR,ERROR,ERROR,SHIFT S19 NoSem,ERROR,ERROR,ERROR,ERROR,ERROR,ERROR,ERROR,ERROR,ERROR,ERROR,ERROR,ERROR,ERROR,ERROR,ERROR,ERROR,ERROR,ERROR,ERROR,ERROR,ERROR,ERROR,ERROR,ERROR,ERROR,ERROR,ERROR,ERROR,ERROR,ERROR,ERROR,ERROR,ERROR,ERROR,ERROR,ERROR,ERROR,ERROR,ERROR,ERROR,ERROR,ERROR,ERROR,ERROR,ERROR
14,ERROR,ERROR,SHIFT S11 NoSem,ERROR,ERROR,ERROR,ERROR,ERROR,ERROR,ERROR,ERROR,ERROR,ERROR,ERROR,ERROR,ERROR,ERROR,ERROR,ERROR,ERROR,ERROR,ERROR,ERROR,ERROR,ERROR,ERROR,ERROR,ERROR,ERROR,ERROR,ERROR,ERROR,ERROR,ERROR,ERROR,ERROR,ERROR,ERROR,ERROR,ERROR,ERROR,ERROR,ERROR,ERROR,ERROR,ERROR,ERROR,ERROR,ERROR,ERROR,ERROR,ERROR,ERROR,ERROR,ERROR,ERROR
15,ERROR,ERROR,ERROR,SHIFT S16 NoSem,ERROR,ERROR,ERROR,ERROR,ERROR,ERROR,ERROR,ERROR,ERROR,ERROR,ERROR,ERROR,ERROR,ERROR,ERROR,ERROR,ERROR,ERROR,ERROR,ERROR,ERROR,ERROR,ERROR,ERROR,ERROR,ERROR,ERROR,ERROR,ERROR,ERROR,ERROR,ERROR,ERROR,ERROR,ERROR,ERROR,ERROR,ERROR,ERROR,ERROR,ERROR,ERROR,ERROR,ERROR,ERROR,ERROR,ERROR,ERROR,ERROR,ERROR,ERROR,ERROR
16,ERROR,ERROR,PUSH_GOTO S76 NoSem,ERROR,SHIFT S17 @declare_method_end,ERROR,ERROR,ERROR,ERROR,ERROR,ERROR,ERROR,PUSH_GOTO S20 NoSem,ERROR,ERROR,ERROR,ERROR,ERROR,ERROR,ERROR,ERROR,ERROR,PUSH_GOTO S76 NoSem,PUSH_GOTO S76 NoSem,PUSH_GOTO S76 NoSem,PUSH_GOTO S76 NoSem,PUSH_GOTO S76 NoSem,PUSH_GOTO S76 NoSem,PUSH_GOTO S76 NoSem,ERROR,ERROR,ERROR,ERROR,ERROR,ERROR,ERROR,ERROR,ERROR,ERROR,ERROR,ERROR,ERROR,ERROR,ERROR,ERROR,ERROR,ERROR,ERROR,GOTO S16 NoSem,ERROR,GOTO S16 NoSem,ERROR,ERROR,ERROR,ERROR,ERROR
17,ERROR,ERROR,REDUCE MethodDCL,ERROR,REDUCE MethodDCL,ERROR,REDUCE MethodDCL,ERROR,ERROR,ERROR,ERROR,REDUCE MethodDCL,REDUCE MethodDCL,ERROR,ERROR,ERROR,ERROR,ERROR,ERROR,ERROR,ERROR,ERROR,ERROR,ERROR,ERROR,ERROR,ERROR,ERROR,ERROR,ERROR,ERROR,ERROR,ERROR,ERROR,ERROR,ERROR,ERROR,ERROR,ERROR,ERROR,ERROR,ERROR,ERROR,ERROR,ERROR,ERROR,ERROR,ERROR,ERROR,ERROR,ERROR,ERROR,ERROR,ERROR,ERROR,ERROR
18,ERROR,ERROR,SHIFT S19 @push,ERROR,ERROR,ERROR,SHIFT S19 @push,ERROR,ERROR,ERROR,ERROR,SHIFT S19 @push,ERROR,ERROR,ERROR,ERROR,ERROR,ERROR,ERROR,ERROR,ERROR,ERROR,ERROR,ERROR,ERROR,ERROR,ERROR,ERROR,ERROR,ERROR,ERROR,ERROR,ERROR,ERROR,ERROR,ERROR,ERROR,ERROR,ERROR,ERROR,ERROR,ERROR,ERROR,ERROR,ERROR,ERROR,ERROR,ERROR,ERROR,ERROR,ERROR,ERROR,ERROR,ERROR,ERROR,ERROR
19,ERROR,ERROR,SHIFT S7 @declare_method_non_void,ERROR,ERROR,ERROR,ERROR,ERROR,SHIFT S13 NoSem,ERROR,ERROR,ERROR,ERROR,ERROR,ERROR,ERROR,ERROR,ERROR,ERROR,ERROR,ERROR,ERROR,ERROR,ERROR,ERROR,ERROR,ERROR,ERROR,ERROR,ERROR,ERROR,ERROR,ERROR,ERROR,ERROR,ERROR,ERROR,ERROR,ERROR,ERROR,ERROR,ERROR,ERROR,ERROR,ERROR,ERROR,ERROR,ERROR,ERROR,ERROR,ERROR,ERROR,ERROR,ERROR,ERROR,ERROR
20,ERROR,ERROR,ERROR,ERROR,ERROR,ERROR,ERROR,ERROR,ERROR,ERROR,ERROR,ERROR,SHIFT S21 NoSem,ERROR,ERROR,ERROR,ERROR,ERROR,ERROR,ERROR,ERROR,ERROR,ERROR,ERROR,ERROR,ERROR,ERROR,ERROR,ERROR,ERROR,ERROR,ERROR,ERROR,ERROR,ERROR,ERROR,ERROR,ERROR,ERROR,ERROR,ERROR,ERROR,ERROR,ERROR,ERROR,ERROR,ERROR,ERROR,ERROR,ERROR,ERROR,ERROR,ERROR,ERROR,ERROR,ERROR
21,ERROR,ERROR,SHIFT S22 @push,ERROR,ERROR,ERROR,SHIFT S22 @push,ERROR,ERROR,ERROR,ERROR,ERROR,ERROR,ERROR,ERROR,ERROR,ERROR,ERROR,ERROR,ERROR,ERROR,ERROR,ERROR,ERROR,ERROR,ERROR,ERROR,ERROR,ERROR,ERROR,ERROR,ERROR,ERROR,ERROR,ERROR,ERROR,ERROR,ERROR,ERROR,ERROR,ERROR,ERROR,ERROR,ERROR,ERROR,ERROR,ERROR,ERROR,ERROR,ERROR,ERROR,ERROR,ERROR,ERROR,ERROR,ERROR
22,ERROR,ERROR,SHIFT S24 @declare_var,ERROR,ERROR,ERROR,ERROR,ERROR,SHIFT S23 NoSem,ERROR,ERROR,ERROR,ERROR,ERROR,ERROR,ERROR,ERROR,ERROR,ERROR,ERROR,ERROR,ERROR,ERROR,ERROR,ERROR,ERROR,ERROR,ERROR,ERROR,ERROR,ERROR,ERROR,ERROR,ERROR,ERROR,ERROR,ERROR,ERROR,ERROR,ERROR,ERROR,ERROR,ERROR,ERROR,ERROR,ERROR,ERROR,ERROR,ERROR,ERROR,ERROR,ERROR,ERROR,ERROR,ERROR,ERROR
23,ERROR,ERROR,ERROR,ERROR,ERROR,ERROR,ERROR,ERROR,ERROR,ERROR,SHIFT S27 NoSem,ERROR,ERROR,ERROR,ERROR,ERROR,ERROR,ERROR,ERROR,ERROR,ERROR,ERROR,ERROR,ERROR,ERROR,ERROR,ERROR,ERROR,ERROR,ERROR,ERROR,ERROR,ERROR,ERROR,ERROR,ERROR,ERROR,ERROR,ERROR,ERROR,ERROR,ERROR,ERROR,ERROR,ERROR,ERROR,ERROR,ERROR,ERROR,ERROR,ERROR,ERROR,ERROR,ERROR,ERROR,ERROR
24,ERROR,ERROR,ERROR,ERROR,ERROR,ERROR,ERROR,ERROR,ERROR,SHIFT S26 NoSem,ERROR,ERROR,ERROR,SHIFT S25 @pop,ERROR,ERROR,ERROR,ERROR,ERROR,ERROR,ERROR,ERROR,ERROR,ERROR,ERROR,ERROR,ERROR,ERROR,ERROR,ERROR,ERROR,ERROR,ERROR,ERROR,ERROR,ERROR,ERROR,ERROR,ERROR,ERROR,ERROR,ERROR,ERROR,ERROR,ERROR,ERROR,ERROR,ERROR,ERROR,ERROR,ERROR,ERROR,ERROR,ERROR,ERROR,ERROR
25,ERROR,ERROR,REDUCE VariableDCL,ERROR,REDUCE VariableDCL,ERROR,REDUCE VariableDCL,ERROR,ERROR,ERROR,ERROR,REDUCE VariableDCL,REDUCE VariableDCL,ERROR,ERROR,ERROR,ERROR,ERROR,ERROR,ERROR,REDUCE VariableDCL,REDUCE VariableDCL,REDUCE VariableDCL,REDUCE VariableDCL,REDUCE VariableDCL,REDUCE VariableDCL,REDUCE VariableDCL,REDUCE VariableDCL,REDUCE VariableDCL,ERROR,REDUCE VariableDCL,ERROR,ERROR,ERROR,ERROR,ERROR,ERROR,ERROR,ERROR,ERROR,ERROR,ERROR,ERROR,ERROR,ERROR,ERROR,ERROR,ERROR,ERROR,ERROR,ERROR,ERROR,ERROR,ERROR,ERROR,ERROR
26,ERROR,ERROR,SHIFT S24 @declare_var,ERROR,ERROR,ERROR,ERROR,ERROR,ERROR,ERROR,ERROR,ERROR,ERROR,ERROR,ERROR,ERROR,ERROR,ERROR,ERROR,ERROR,ERROR,ERROR,ERROR,ERROR,ERROR,ERROR,ERROR,ERROR,ERROR,ERROR,ERROR,ERROR,ERROR,ERROR,ERROR,ERROR,ERROR,ERROR,ERROR,ERROR,ERROR,ERROR,ERROR,ERROR,ERROR,ERROR,ERROR,ERROR,ERROR,ERROR,ERROR,ERROR,ERROR,ERROR,ERROR,ERROR
27,ERROR,ERROR,SHIFT S28 @declare_arr,ERROR,ERROR,ERROR,ERROR,ERROR,ERROR,ERROR,ERROR,ERROR,ERROR,ERROR,ERROR,ERROR,ERROR,ERROR,ERROR,ERROR,ERROR,ERROR,ERROR,ERROR,ERROR,ERROR,ERROR,ERROR,ERROR,ERROR,ERROR,ERROR,ERROR,ERROR,ERROR,ERROR,ERROR,ERROR,ERROR,ERROR,ERROR,ERROR,ERROR,ERROR,ERROR,ERROR,ERROR,ERROR,ERROR,ERROR,ERROR,ERROR,ERROR,ERROR,ERROR,ERROR
28,ERROR,ERROR,ERROR,ERROR,ERROR,ERROR,ERROR,ERROR,ERROR,SHIFT S30 NoSem,ERROR,ERROR,ERROR,SHIFT S29 @pop,ERROR,ERROR,ERROR,ERROR,ERROR,ERROR,ERROR,ERROR,ERROR,ERROR,ERROR,ERROR,ERROR,ERROR,ERROR,ERROR,ERROR,ERROR,ERROR,ERROR,ERROR,ERROR,ERROR,ERROR,ERROR,ERROR,ERROR,ERROR,ERROR,ERROR,ERROR,ERROR,ERROR,ERROR,ERROR,ERROR,ERROR,ERROR,ERROR,ERROR,ERROR,ERROR
29,ERROR,ERROR,REDUCE VariableDCL,ERROR,REDUCE VariableDCL,ERROR,REDUCE VariableDCL,ERROR,ERROR,ERROR,ERROR,REDUCE VariableDCL,REDUCE VariableDCL,ERROR,ERROR,ERROR,ERROR,ERROR,ERROR,ERROR,REDUCE VariableDCL,REDUCE VariableDCL,REDUCE VariableDCL,REDUCE VariableDCL,REDUCE VariableDCL,REDUCE VariableDCL,REDUCE VariableDCL,REDUCE VariableDCL,REDUCE VariableDCL,ERROR,REDUCE VariableDCL,ERROR,ERROR,ERROR,ERROR,ERROR,ERROR,ERROR,ERROR,ERROR,ERROR,ERROR,ERROR,ERROR,ERROR,ERROR,ERROR,ERROR,ERROR,ERROR,ERROR,ERROR,ERROR,ERROR,ERROR,ERROR
30,ERROR,ERROR,SHIFT S28 @declare_arr,ERROR,ERROR,ERROR,ERROR,ERROR,ERROR,ERROR,ERROR,ERROR,ERROR,ERROR,ERROR,ERROR,ERROR,ERROR,ERROR,ERROR,ERROR,ERROR,ERROR,ERROR,ERROR,ERROR,ERROR,ERROR,ERROR,ERROR,ERROR,ERROR,ERROR,ERROR,ERROR,ERROR,ERROR,ERROR,ERROR,ERROR,ERROR,ERROR,ERROR,ERROR,ERROR,ERROR,ERROR,ERROR,ERROR,ERROR,ERROR,ERROR,ERROR,ERROR,ERROR,ERROR
31,ERROR,ERROR,PUSH_GOTO S99 NoSem,ERROR,ERROR,PUSH_GOTO S99 NoSem,ERROR,REDUCE Expression,REDUCE Expression,REDUCE Expression,REDUCE Expression,ERROR,ERROR,REDUCE Expression,PUSH_GOTO S99 NoSem,PUSH_GOTO S99 NoSem,PUSH_GOTO S99 NoSem,PUSH_GOTO S99 NoSem,ERROR,ERROR,ERROR,ERROR,ERROR,ERROR,ERROR,ERROR,ERROR,ERROR,ERROR,ERROR,ERROR,ERROR,REDUCE Expression,PUSH_GOTO S99 NoSem,PUSH_GOTO S99 NoSem,PUSH_GOTO S99 NoSem,REDUCE Expression,REDUCE Expression,REDUCE Expression,ERROR,ERROR,ERROR,ERROR,REDUCE Expression,REDUCE Expression,REDUCE Expression,REDUCE Expression,ERROR,ERROR,ERROR,ERROR,GOTO S36 NoSem,ERROR,ERROR,ERROR,ERROR
32,ERROR,ERROR,ERROR,ERROR,ERROR,SHIFT S33 NoSem,ERROR,ERROR,ERROR,ERROR,ERROR,ERROR,ERROR,ERROR,ERROR,ERROR,ERROR,ERROR,ERROR,ERROR,ERROR,ERROR,ERROR,ERROR,ERROR,ERROR,ERROR,ERROR,ERROR,ERROR,ERROR,ERROR,ERROR,ERROR,ERROR,ERROR,ERROR,ERROR,ERROR,ERROR,ERROR,ERROR,ERROR,ERROR,ERROR,ERROR,ERROR,ERROR,ERROR,ERROR,ERROR,ERROR,ERROR,ERROR,ERROR,ERROR
33,ERROR,ERROR,PUSH_GOTO S99 NoSem,ERROR,ERROR,PUSH_GOTO S99 NoSem,ERROR,ERROR,ERROR,ERROR,ERROR,ERROR,ERROR,ERROR,PUSH_GOTO S99 NoSem,PUSH_GOTO S99 NoSem,PUSH_GOTO S99 NoSem,PUSH_GOTO S99 NoSem,ERROR,ERROR,ERROR,ERROR,ERROR,ERROR,ERROR,ERROR,ERROR,ERROR,ERROR,ERROR,ERROR,ERROR,ERROR,PUSH_GOTO S99 NoSem,PUSH_GOTO S99 NoSem,PUSH_GOTO S99 NoSem,ERROR,ERROR,ERROR,ERROR,ERROR,ERROR,ERROR,ERROR,ERROR,ERROR,ERROR,ERROR,ERROR,ERROR,ERROR,GOTO S34 NoSem,ERROR,ERROR,ERROR,ERROR
34,ERROR,ERROR,ERROR,ERROR,ERROR,ERROR,ERROR,SHIFT S35 NoSem,ERROR,ERROR,ERROR,ERROR,ERROR,ERROR,ERROR,ERROR,ERROR,ERROR,ERROR,ERROR,ERROR,ERROR,ERROR,ERROR,ERROR,ERROR,ERROR,ERROR,ERROR,ERROR,ERROR,ERROR,ERROR,ERROR,ERROR,ERROR,ERROR,ERROR,ERROR,ERROR,ERROR,ERROR,ERROR,ERROR,ERROR,ERROR,ERROR,ERROR,ERROR,ERROR,ERROR,ERROR,ERROR,ERROR,ERROR,ERROR
35,ERROR,ERROR,REDUCE Expression,ERROR,ERROR,REDUCE Expression,ERROR,REDUCE Expression,REDUCE Expression,REDUCE Expression,REDUCE Expression,ERROR,ERROR,REDUCE Expression,REDUCE Expression,REDUCE Expression,REDUCE Expression,REDUCE Expression,ERROR,ERROR,ERROR,ERROR,ERROR,ERROR,ERROR,ERROR,ERROR,ERROR,ERROR,ERROR,ERROR,ERROR,REDUCE Expression,REDUCE Expression,REDUCE Expression,REDUCE Expression,REDUCE Expression,REDUCE Expression,REDUCE Expression,ERROR,ERROR,ERROR,ERROR,REDUCE Expression,REDUCE Expression,REDUCE Expression,REDUCE Expression,ERROR,ERROR,ERROR,ERROR,ERROR,ERROR,ERROR,ERROR,ERROR
36,ERROR,ERROR,REDUCE Expression,ERROR,ERROR,REDUCE Expression,ERROR,REDUCE Expression,REDUCE Expression,REDUCE Expression,REDUCE Expression,ERROR,ERROR,REDUCE Expression,REDUCE Expression,REDUCE Expression,REDUCE Expression,REDUCE Expression,ERROR,ERROR,ERROR,ERROR,ERROR,ERROR,ERROR,ERROR,ERROR,ERROR,ERROR,ERROR,ERROR,ERROR,REDUCE Expression,REDUCE Expression,REDUCE Expression,REDUCE Expression,REDUCE Expression,REDUCE Expression,REDUCE Expression,ERROR,ERROR,ERROR,ERROR,REDUCE Expression,REDUCE Expression,REDUCE Expression,REDUCE Expression,ERROR,ERROR,ERROR,ERROR,ERROR,ERROR,ERROR,ERROR,ERROR
37,ERROR,ERROR,PUSH_GOTO S99 NoSem,ERROR,ERROR,PUSH_GOTO S99 NoSem,SHIFT S46 NoSem,SHIFT S31 NoSem,ERROR,ERROR,ERROR,ERROR,ERROR,ERROR,PUSH_GOTO S99 NoSem,PUSH_GOTO S99 NoSem,PUSH_GOTO S99 NoSem,PUSH_GOTO S99 NoSem,ERROR,ERROR,ERROR,ERROR,ERROR,ERROR,ERROR,ERROR,ERROR,ERROR,ERROR,ERROR,ERROR,ERROR,ERROR,PUSH_GOTO S99 NoSem,PUSH_GOTO S99 NoSem,PUSH_GOTO S99 NoSem,ERROR,ERROR,ERROR,ERROR,ERROR,ERROR,ERROR,ERROR,ERROR,ERROR,ERROR,ERROR,ERROR,ERROR,ERROR,GOTO S46 NoSem,ERROR,ERROR,ERROR,ERROR
38,ERROR,ERROR,ERROR,ERROR,ERROR,ERROR,ERROR,SHIFT S39 @in_int,ERROR,ERROR,ERROR,ERROR,ERROR,ERROR,ERROR,ERROR,ERROR,ERROR,ERROR,ERROR,ERROR,ERROR,ERROR,ERROR,ERROR,ERROR,ERROR,ERROR,ERROR,ERROR,ERROR,ERROR,ERROR,ERROR,ERROR,ERROR,ERROR,ERROR,ERROR,ERROR,ERROR,ERROR,ERROR,ERROR,ERROR,ERROR,ERROR,ERROR,ERROR,ERROR,ERROR,ERROR,ERROR,ERROR,ERROR,ERROR
39,ERROR,ERROR,REDUCE Expression,ERROR,ERROR,REDUCE Expression,ERROR,REDUCE Expression,REDUCE Expression,REDUCE Expression,REDUCE Expression,ERROR,ERROR,REDUCE Expression,REDUCE Expression,REDUCE Expression,REDUCE Expression,REDUCE Expression,ERROR,ERROR,ERROR,ERROR,ERROR,ERROR,ERROR,ERROR,ERROR,ERROR,ERROR,ERROR,ERROR,ERROR,REDUCE Expression,REDUCE Expression,REDUCE Expression,REDUCE Expression,REDUCE Expression,REDUCE Expression,REDUCE Expression,ERROR,ERROR,ERROR,ERROR,REDUCE Expression,REDUCE Expression,REDUCE Expression,REDUCE Expression,ERROR,ERROR,ERROR,ERROR,ERROR,ERROR,ERROR,ERROR,ERROR
40,ERROR,ERROR,ERROR,ERROR,ERROR,ERROR,ERROR,SHIFT S41 @int_string,ERROR,ERROR,ERROR,ERROR,ERROR,ERROR,ERROR,ERROR,ERROR,ERROR,ERROR,ERROR,ERROR,ERROR,ERROR,ERROR,ERROR,ERROR,ERROR,ERROR,ERROR,ERROR,ERROR,ERROR,ERROR,ERROR,ERROR,ERROR,ERROR,ERROR,ERROR,ERROR,ERROR,ERROR,ERROR,ERROR,ERROR,ERROR,ERROR,ERROR,ERROR,ERROR,ERROR,ERROR,ERROR,ERROR,ERROR,ERROR
41,ERROR,ERROR,REDUCE Expression,ERROR,ERROR,REDUCE Expression,ERROR,REDUCE Expression,REDUCE Expression,REDUCE Expression,REDUCE Expression,ERROR,ERROR,REDUCE Expression,REDUCE Expression,REDUCE Expression,REDUCE Expression,REDUCE Expression,ERROR,ERROR,ERROR,ERROR,ERROR,ERROR,ERROR,ERROR,ERROR,ERROR,ERROR,ERROR,ERROR,ERROR,REDUCE Expression,REDUCE Expression,REDUCE Expression,REDUCE Expression,REDUCE Expression,REDUCE Expression,REDUCE Expression,ERROR,ERROR,ERROR,ERROR,REDUCE Expression,REDUCE Expression,REDUCE Expression,REDUCE Expression,ERROR,ERROR,ERROR,ERROR,ERROR,ERROR,ERROR,ERROR,ERROR
42,ERROR,ERROR,PUSH_GOTO S99 NoSem,ERROR,ERROR,PUSH_GOTO S99 NoSem,ERROR,SHIFT S43 NoSem,ERROR,ERROR,ERROR,ERROR,ERROR,ERROR,PUSH_GOTO S99 NoSem,PUSH_GOTO S99 NoSem,PUSH_GOTO S99 NoSem,PUSH_GOTO S99 NoSem,ERROR,ERROR,ERROR,ERROR,ERROR,ERROR,ERROR,ERROR,ERROR,ERROR,ERROR,ERROR,ERROR,ERROR,ERROR,PUSH_GOTO S99 NoSem,PUSH_GOTO S99 NoSem,PUSH_GOTO S99 NoSem,ERROR,ERROR,ERROR,ERROR,ERROR,ERROR,ERROR,ERROR,ERROR,ERROR,ERROR,ERROR,ERROR,ERROR,ERROR,GOTO S42 NoSem,ERROR,ERROR,ERROR,ERROR
43,ERROR,ERROR,REDUCE Expression,ERROR,ERROR,REDUCE Expression,ERROR,REDUCE Expression,REDUCE Expression,REDUCE Expression,REDUCE Expression,ERROR,ERROR,REDUCE Expression,REDUCE Expression,REDUCE Expression,REDUCE Expression,REDUCE Expression,ERROR,ERROR,ERROR,ERROR,ERROR,ERROR,ERROR,ERROR,ERROR,ERROR,ERROR,ERROR,ERROR,ERROR,REDUCE Expression,REDUCE Expression,REDUCE Expression,REDUCE Expression,REDUCE Expression,REDUCE Expression,REDUCE Expression,ERROR,ERROR,ERROR,ERROR,REDUCE Expression,REDUCE Expression,REDUCE Expression,REDUCE Expression,ERROR,ERROR,ERROR,ERROR,ERROR,ERROR,ERROR,ERROR,ERROR
44,ERROR,ERROR,REDUCE Expression,ERROR,ERROR,REDUCE Expression,ERROR,REDUCE Expression,REDUCE Expression,REDUCE Expression,REDUCE Expression,ERROR,ERROR,REDUCE Expression,REDUCE Expression,REDUCE Expression,REDUCE Expression,REDUCE Expression,ERROR,ERROR,ERROR,ERROR,ERROR,ERROR,ERROR,ERROR,ERROR,ERROR,ERROR,ERROR,ERROR,ERROR,REDUCE Expression,REDUCE Expression,REDUCE Expression,REDUCE Expression,REDUCE Expression,REDUCE Expression,REDUCE Expression,ERROR,ERROR,ERROR,ERROR,REDUCE Expression,REDUCE Expression,REDUCE Expression,REDUCE Expression,ERROR,ERROR,ERROR,ERROR,ERROR,ERROR,ERROR,ERROR,ERROR
45,ERROR,ERROR,SHIFT S48 NoSem,ERROR,ERROR,ERROR,ERROR,ERROR,ERROR,ERROR,ERROR,ERROR,ERROR,ERROR,ERROR,ERROR,ERROR,ERROR,ERROR,ERROR,ERROR,ERROR,ERROR,ERROR,ERROR,ERROR,ERROR,ERROR,ERROR,ERROR,ERROR,ERROR,ERROR,ERROR,ERROR,ERROR,ERROR,ERROR,ERROR,ERROR,ERROR,ERROR,ERROR,ERROR,ERROR,ERROR,ERROR,ERROR,ERROR,ERROR,ERROR,ERROR,ERROR,ERROR,ERROR,ERROR
46,ERROR,ERROR,PUSH_GOTO S99 NoSem,ERROR,ERROR,PUSH_GOTO S99 NoSem,ERROR,SHIFT S31 NoSem,ERROR,ERROR,ERROR,ERROR,ERROR,ERROR,PUSH_GOTO S99 NoSem,PUSH_GOTO S99 NoSem,PUSH_GOTO S99 NoSem,PUSH_GOTO S99 NoSem,ERROR,ERROR,ERROR,ERROR,ERROR,ERROR,ERROR,ERROR,ERROR,ERROR,ERROR,ERROR,ERROR,ERROR,ERROR,PUSH_GOTO S99 NoSem,PUSH_GOTO S99 NoSem,PUSH_GOTO S99 NoSem,ERROR,ERROR,ERROR,ERROR,ERROR,ERROR,ERROR,ERROR,ERROR,ERROR,ERROR,ERROR,ERROR,ERROR,ERROR,GOTO S46 NoSem,ERROR,ERROR,ERROR,ERROR
47,ERROR,ERROR,SHIFT S48 @push,ERROR,ERROR,SHIFT S37 NoSem,ERROR,ERROR,ERROR,ERROR,ERROR,ERROR,ERROR,ERROR,SHIFT S49 NoSem,SHIFT S50 NoSem,SHIFT S44 @push,SHIFT S32 NoSem,ERROR,ERROR,ERROR,ERROR,ERROR,ERROR,ERROR,ERROR,ERROR,ERROR,ERROR,ERROR,ERROR,ERROR,ERROR,ERROR,ERROR,ERROR,ERROR,ERROR,ERROR,ERROR,ERROR,ERROR,ERROR,ERROR,ERROR,ERROR,ERROR,ERROR,ERROR,ERROR,ERROR,ERROR,ERROR,ERROR,ERROR,ERROR
48,ERROR,ERROR,REDUCE Expression,ERROR,ERROR,SHIFT S42 NoSem,ERROR,REDUCE Expression,REDUCE Expression,REDUCE Expression,REDUCE Expression,ERROR,ERROR,REDUCE Expression,REDUCE Expression,REDUCE Expression,REDUCE Expression,REDUCE Expression,SHIFT S45 NoSem,ERROR,ERROR,ERROR,ERROR,ERROR,ERROR,ERROR,ERROR,ERROR,ERROR,ERROR,ERROR,ERROR,REDUCE Expression,REDUCE Expression,REDUCE Expression,REDUCE Expression,REDUCE Expression,REDUCE Expression,REDUCE Expression,ERROR,ERROR,ERROR,ERROR,REDUCE Expression,REDUCE Expression,REDUCE Expression,REDUCE Expression,ERROR,ERROR,ERROR,ERROR,ERROR,ERROR,ERROR,ERROR,ERROR
49,ERROR,ERROR,ERROR,ERROR,ERROR,SHIFT S40 NoSem,ERROR,ERROR,ERROR,ERROR,ERROR,ERROR,ERROR,ERROR,ERROR,ERROR,ERROR,ERROR,ERROR,ERROR,ERROR,ERROR,ERROR,ERROR,ERROR,ERROR,ERROR,ERROR,ERROR,ERROR,ERROR,ERROR,ERROR,ERROR,ERROR,ERROR,ERROR,ERROR,ERROR,ERROR,ERROR,ERROR,ERROR,ERROR,ERROR,ERROR,ERROR,ERROR,ERROR,ERROR,ERROR,ERROR,ERROR,ERROR,ERROR,ERROR
50,ERROR,ERROR,ERROR,ERROR,ERROR,SHIFT S38 NoSem,ERROR,ERROR,ERROR,ERROR,ERROR,ERROR,ERROR,ERROR,ERROR,ERROR,ERROR,ERROR,ERROR,ERROR,ERROR,ERROR,ERROR,ERROR,ERROR,ERROR,ERROR,ERROR,ERROR,ERROR,ERROR,ERROR,ERROR,ERROR,ERROR,ERROR,ERROR,ERROR,ERROR,ERROR,ERROR,ERROR,ERROR,ERROR,ERROR,ERROR,ERROR,ERROR,ERROR,ERROR,ERROR,ERROR,ERROR,ERROR,ERROR,ERROR
51,ERROR,ERROR,PUSH_GOTO S76 NoSem,ERROR,ERROR,ERROR,ERROR,ERROR,ERROR,ERROR,ERROR,ERROR,ERROR,ERROR,ERROR,ERROR,ERROR,ERROR,ERROR,SHIFT S52 @pop_while,ERROR,ERROR,PUSH_GOTO S76 NoSem,PUSH_GOTO S76 NoSem,PUSH_GOTO S76 NoSem,PUSH_GOTO S76 NoSem,PUSH_GOTO S76 NoSem,PUSH_GOTO S76 NoSem,PUSH_GOTO S76 NoSem,ERROR,ERROR,ERROR,ERROR,ERROR,ERROR,ERROR,ERROR,ERROR,ERROR,ERROR,ERROR,ERROR,ERROR,ERROR,ERROR,ERROR,ERROR,ERROR,ERROR,ERROR,GOTO S51 NoSem,ERROR,ERROR,ERROR,ERROR,ERROR
52,ERROR,ERROR,REDUCE Statement,ERROR,REDUCE Statement,ERROR,ERROR,ERROR,ERROR,ERROR,ERROR,ERROR,REDUCE Statement,ERROR,ERROR,ERROR,ERROR,ERROR,ERROR,REDUCE Statement,REDUCE Statement,REDUCE Statement,REDUCE Statement,REDUCE Statement,REDUCE Statement,REDUCE Statement,REDUCE Statement,REDUCE Statement,REDUCE Statement,ERROR,REDUCE Statement,ERROR,ERROR,ERROR,ERROR,ERROR,ERROR,ERROR,ERROR,ERROR,ERROR,ERROR,ERROR,ERROR,ERROR,ERROR,ERROR,ERROR,ERROR,ERROR,ERROR,ERROR,ERROR,ERROR,ERROR,ERROR
53,ERROR,ERROR,ERROR,ERROR,ERROR,SHIFT S54 NoSem,ERROR,ERROR,ERROR,ERROR,ERROR,ERROR,ERROR,ERROR,ERROR,ERROR,ERROR,ERROR,ERROR,ERROR,ERROR,ERROR,ERROR,ERROR,ERROR,ERROR,ERROR,ERROR,ERROR,ERROR,ERROR,ERROR,ERROR,ERROR,ERROR,ERROR,ERROR,ERROR,ERROR,ERROR,ERROR,ERROR,ERROR,ERROR,ERROR,ERROR,ERROR,ERROR,ERROR,ERROR,ERROR,ERROR,ERROR,ERROR,ERROR,ERROR
54,ERROR,ERROR,PUSH_GOTO S112 NoSem,ERROR,ERROR,ERROR,ERROR,ERROR,ERROR,ERROR,ERROR,ERROR,ERROR,SHIFT S55 @push_pc,ERROR,ERROR,ERROR,ERROR,ERROR,ERROR,ERROR,ERROR,ERROR,ERROR,ERROR,ERROR,ERROR,ERROR,ERROR,ERROR,ERROR,ERROR,ERROR,ERROR,ERROR,ERROR,ERROR,ERROR,ERROR,ERROR,ERROR,ERROR,ERROR,ERROR,ERROR,ERROR,ERROR,GOTO S56 NoSem,ERROR,ERROR,ERROR,ERROR,ERROR,ERROR,ERROR,ERROR
55,ERROR,ERROR,PUSH_GOTO S99 NoSem,ERROR,ERROR,PUSH_GOTO S99 NoSem,ERROR,ERROR,ERROR,ERROR,ERROR,ERROR,ERROR,ERROR,PUSH_GOTO S99 NoSem,PUSH_GOTO S99 NoSem,PUSH_GOTO S99 NoSem,PUSH_GOTO S99 NoSem,ERROR,ERROR,ERROR,ERROR,ERROR,ERROR,ERROR,ERROR,ERROR,ERROR,ERROR,ERROR,ERROR,ERROR,ERROR,PUSH_GOTO S99 NoSem,PUSH_GOTO S99 NoSem,PUSH_GOTO S99 NoSem,ERROR,ERROR,ERROR,ERROR,ERROR,ERROR,ERROR,ERROR,ERROR,ERROR,ERROR,ERROR,ERROR,ERROR,ERROR,GOTO S57 @JZ,ERROR,ERROR,ERROR,ERROR
56,ERROR,ERROR,ERROR,ERROR,ERROR,ERROR,ERROR,ERROR,ERROR,ERROR,ERROR,ERROR,ERROR,SHIFT S55 @assignment_for,ERROR,ERROR,ERROR,ERROR,ERROR,ERROR,ERROR,ERROR,ERROR,ERROR,ERROR,ERROR,ERROR,ERROR,ERROR,ERROR,ERROR,ERROR,ERROR,ERROR,ERROR,ERROR,ERROR,ERROR,ERROR,ERROR,ERROR,ERROR,ERROR,ERROR,ERROR,ERROR,ERROR,ERROR,ERROR,ERROR,ERROR,ERROR,ERROR,ERROR,ERROR,ERROR
57,ERROR,ERROR,ERROR,ERROR,ERROR,ERROR,ERROR,ERROR,ERROR,ERROR,ERROR,ERROR,ERROR,SHIFT S58 NoSem,ERROR,ERROR,ERROR,ERROR,ERROR,ERROR,ERROR,ERROR,ERROR,ERROR,ERROR,ERROR,ERROR,ERROR,ERROR,ERROR,ERROR,ERROR,ERROR,ERROR,ERROR,ERROR,ERROR,ERROR,ERROR,ERROR,ERROR,ERROR,ERROR,ERROR,ERROR,ERROR,ERROR,ERROR,ERROR,ERROR,ERROR,ERROR,ERROR,ERROR,ERROR,ERROR
58,ERROR,ERROR,PUSH_GOTO S112 NoSem,ERROR,ERROR,ERROR,ERROR,SHIFT S59 @push_noass,ERROR,ERROR,ERROR,ERROR,ERROR,ERROR,ERROR,ERROR,ERROR,ERROR,ERROR,ERROR,ERROR,ERROR,ERROR,ERROR,ERROR,ERROR,ERROR,ERROR,ERROR,ERROR,ERROR,ERROR,ERROR,ERROR,ERROR,ERROR,ERROR,ERROR,ERROR,ERROR,ERROR,ERROR,ERROR,ERROR,ERROR,ERROR,ERROR,GOTO S60 NoSem,ERROR,ERROR,ERROR,ERROR,ERROR,ERROR,ERROR,ERROR
59,ERROR,ERROR,PUSH_GOTO S76 NoSem,ERROR,ERROR,ERROR,ERROR,ERROR,ERROR,ERROR,ERROR,ERROR,PUSH_GOTO S20 NoSem,ERROR,ERROR,ERROR,ERROR,ERROR,ERROR,ERROR,SHIFT S62 @assignment&@pop_while,ERROR,PUSH_GOTO S76 NoSem,PUSH_GOTO S76 NoSem,PUSH_GOTO S76 NoSem,PUSH_GOTO S76 NoSem,PUSH_GOTO S76 NoSem,PUSH_GOTO S76 NoSem,PUSH_GOTO S76 NoSem,ERROR,ERROR,ERROR,ERROR,ERROR,ERROR,ERROR,ERROR,ERROR,ERROR,ERROR,ERROR,ERROR,ERROR,ERROR,ERROR,ERROR,ERROR,ERROR,GOTO S61 NoSem,ERROR,GOTO S61 NoSem,ERROR,ERROR,ERROR,ERROR,ERROR
60,ERROR,ERROR,ERROR,ERROR,ERROR,ERROR,ERROR,SHIFT S59 NoSem,ERROR,ERROR,ERROR,ERROR,ERROR,ERROR,ERROR,ERROR,ERROR,ERROR,ERROR,ERROR,ERROR,ERROR,ERROR,ERROR,ERROR,ERROR,ERROR,ERROR,ERROR,ERROR,ERROR,ERROR,ERROR,ERROR,ERROR,ERROR,ERROR,ERROR,ERROR,ERROR,ERROR,ERROR,ERROR,ERROR,ERROR,ERROR,ERROR,ERROR,ERROR,ERROR,ERROR,ERROR,ERROR,ERROR,ERROR,ERROR
61,ERROR,ERROR,PUSH_GOTO S76 NoSem,ERROR,ERROR,ERROR,ERROR,ERROR,ERROR,ERROR,ERROR,ERROR,PUSH_GOTO S20 NoSem,ERROR,ERROR,ERROR,ERROR,ERROR,ERROR,ERROR,SHIFT S62 @assignment&@pop_while,ERROR,PUSH_GOTO S76 NoSem,PUSH_GOTO S76 NoSem,PUSH_GOTO S76 NoSem,PUSH_GOTO S76 NoSem,PUSH_GOTO S76 NoSem,PUSH_GOTO S76 NoSem,PUSH_GOTO S76 NoSem,ERROR,ERROR,ERROR,ERROR,ERROR,ERROR,ERROR,ERROR,ERROR,ERROR,ERROR,ERROR,ERROR,ERROR,ERROR,ERROR,ERROR,ERROR,ERROR,GOTO S61 NoSem,ERROR,GOTO S61 NoSem,ERROR,ERROR,ERROR,ERROR,ERROR
62,ERROR,ERROR,REDUCE Statement,ERROR,REDUCE Statement,ERROR,ERROR,ERROR,ERROR,ERROR,ERROR,ERROR,REDUCE Statement,ERROR,ERROR,ERROR,ERROR,ERROR,ERROR,REDUCE Statement,REDUCE Statement,REDUCE Statement,REDUCE Statement,REDUCE Statement,REDUCE Statement,REDUCE Statement,REDUCE Statement,REDUCE Statement,REDUCE Statement,ERROR,REDUCE Statement,ERROR,ERROR,ERROR,ERROR,ERROR,ERROR,ERROR,ERROR,ERROR,ERROR,ERROR,ERROR,ERROR,ERROR,ERROR,ERROR,ERROR,ERROR,ERROR,ERROR,ERROR,ERROR,ERROR,ERROR,ERROR
63,ERROR,ERROR,ERROR,ERROR,ERROR,ERROR,ERROR,ERROR,ERROR,ERROR,ERROR,ERROR,ERROR,SHIFT S65 NoSem,ERROR,ERROR,ERROR,ERROR,ERROR,ERROR,ERROR,ERROR,ERROR,ERROR,ERROR,ERROR,ERROR,ERROR,ERROR,ERROR,ERROR,ERROR,ERROR,ERROR,ERROR,ERROR,ERROR,ERROR,ERROR,ERROR,ERROR,ERROR,ERROR,ERROR,ERROR,ERROR,ERROR,ERROR,ERROR,ERROR,ERROR,ERROR,ERROR,ERROR,ERROR,ERROR
64,ERROR,ERROR,PUSH_GOTO S76 NoSem,ERROR,ERROR,ERROR,ERROR,ERROR,ERROR,ERROR,ERROR,ERROR,PUSH_GOTO S20 NoSem,ERROR,ERROR,ERROR,ERROR,ERROR,ERROR,ERROR,ERROR,SHIFT S84 @pop,PUSH_GOTO S76 NoSem,PUSH_GOTO S76 NoSem,PUSH_GOTO S76 NoSem,PUSH_GOTO S76 NoSem,PUSH_GOTO S76 NoSem,PUSH_GOTO S76 NoSem,PUSH_GOTO S76 NoSem,ERROR,ERROR,ERROR,ERROR,ERROR,ERROR,ERROR,ERROR,ERROR,ERROR,ERROR,ERROR,ERROR,ERROR,ERROR,ERROR,ERROR,ERROR,ERROR,GOTO S64 @CJP,ERROR,GOTO S64 @CJP,ERROR,ERROR,ERROR,ERROR,ERROR
65,ERROR,ERROR,REDUCE Statement,ERROR,REDUCE Statement,ERROR,ERROR,ERROR,ERROR,ERROR,ERROR,ERROR,REDUCE Statement,ERROR,ERROR,ERROR,ERROR,ERROR,ERROR,REDUCE Statement,REDUCE Statement,REDUCE Statement,REDUCE Statement,REDUCE Statement,REDUCE Statement,REDUCE Statement,REDUCE Statement,REDUCE Statement,REDUCE Statement,ERROR,REDUCE Statement,ERROR,ERROR,ERROR,ERROR,ERROR,ERROR,ERROR,ERROR,ERROR,ERROR,ERROR,ERROR,ERROR,ERROR,ERROR,ERROR,ERROR,ERROR,ERROR,ERROR,ERROR,ERROR,ERROR,ERROR,ERROR
66,ERROR,ERROR,ERROR,ERROR,ERROR,ERROR,ERROR,ERROR,ERROR,ERROR,ERROR,ERROR,ERROR,SHIFT S67 NoSem,ERROR,ERROR,ERROR,ERROR,ERROR,ERROR,ERROR,ERROR,ERROR,ERROR,ERROR,ERROR,ERROR,ERROR,ERROR,ERROR,ERROR,ERROR,ERROR,ERROR,ERROR,ERROR,ERROR,ERROR,ERROR,ERROR,ERROR,ERROR,ERROR,ERROR,ERROR,ERROR,ERROR,ERROR,ERROR,ERROR,ERROR,ERROR,ERROR,ERROR,ERROR,ERROR
67,ERROR,ERROR,REDUCE Statement,ERROR,REDUCE Statement,ERROR,ERROR,ERROR,ERROR,ERROR,ERROR,ERROR,REDUCE Statement,ERROR,ERROR,ERROR,ERROR,ERROR,ERROR,REDUCE Statement,REDUCE Statement,REDUCE Statement,REDUCE Statement,REDUCE Statement,REDUCE Statement,REDUCE Statement,REDUCE Statement,REDUCE Statement,REDUCE Statement,ERROR,REDUCE Statement,ERROR,ERROR,ERROR,ERROR,ERROR,ERROR,ERROR,ERROR,ERROR,ERROR,ERROR,ERROR,ERROR,ERROR,ERROR,ERROR,ERROR,ERROR,ERROR,ERROR,ERROR,ERROR,ERROR,ERROR,ERROR
68,ERROR,ERROR,ERROR,ERROR,ERROR,SHIFT S69 NoSem,ERROR,ERROR,ERROR,ERROR,ERROR,ERROR,ERROR,ERROR,ERROR,ERROR,ERROR,ERROR,ERROR,ERROR,ERROR,ERROR,ERROR,ERROR,ERROR,ERROR,ERROR,ERROR,ERROR,ERROR,ERROR,ERROR,ERROR,ERROR,ERROR,ERROR,ERROR,ERROR,ERROR,ERROR,ERROR,ERROR,ERROR,ERROR,ERROR,ERROR,ERROR,ERROR,ERROR,ERROR,ERROR,ERROR,ERROR,ERROR,ERROR,ERROR
69,ERROR,ERROR,PUSH_GOTO S99 NoSem,ERROR,ERROR,PUSH_GOTO S99 NoSem,ERROR,ERROR,ERROR,ERROR,ERROR,ERROR,ERROR,ERROR,PUSH_GOTO S99 NoSem,PUSH_GOTO S99 NoSem,PUSH_GOTO S99 NoSem,PUSH_GOTO S99 NoSem,ERROR,ERROR,ERROR,ERROR,ERROR,ERROR,ERROR,ERROR,ERROR,ERROR,ERROR,ERROR,ERROR,ERROR,ERROR,PUSH_GOTO S99 NoSem,PUSH_GOTO S99 NoSem,PUSH_GOTO S99 NoSem,ERROR,ERROR,ERROR,ERROR,ERROR,ERROR,ERROR,ERROR,ERROR,ERROR,ERROR,ERROR,ERROR,ERROR,ERROR,GOTO S70 print,ERROR,ERROR,ERROR,ERROR
70,ERROR,ERROR,PUSH_GOTO S99 NoSem,ERROR,ERROR,PUSH_GOTO S99 NoSem,ERROR,SHIFT S71 NoSem,ERROR,ERROR,ERROR,ERROR,ERROR,ERROR,PUSH_GOTO S99 NoSem,PUSH_GOTO S99 NoSem,PUSH_GOTO S99 NoSem,PUSH_GOTO S99 NoSem,ERROR,ERROR,ERROR,ERROR,ERROR,ERROR,ERROR,ERROR,ERROR,ERROR,ERROR,ERROR,ERROR,ERROR,ERROR,PUSH_GOTO S99 NoSem,PUSH_GOTO S99 NoSem,PUSH_GOTO S99 NoSem,ERROR,ERROR,ERROR,ERROR,ERROR,ERROR,ERROR,ERROR,ERROR,ERROR,ERROR,ERROR,ERROR,ERROR,ERROR,GOTO S70 print,ERROR,ERROR,ERROR,ERROR
71,ERROR,ERROR,ERROR,ERROR,ERROR,ERROR,ERROR,ERROR,ERROR,ERROR,ERROR,ERROR,ERROR,SHIFT S72 NoSem,ERROR,ERROR,ERROR,ERROR,ERROR,ERROR,ERROR,ERROR,ERROR,ERROR,ERROR,ERROR,ERROR,ERROR,ERROR,ERROR,ERROR,ERROR,ERROR,ERROR,ERROR,ERROR,ERROR,ERROR,ERROR,ERROR,ERROR,ERROR,ERROR,ERROR,ERROR,ERROR,ERROR,ERROR,ERROR,ERROR,ERROR,ERROR,ERROR,ERROR,ERROR,ERROR
72,ERROR,ERROR,REDUCE Statement,ERROR,REDUCE Statement,ERROR,ERROR,ERROR,ERROR,ERROR,ERROR,ERROR,REDUCE Statement,ERROR,ERROR,ERROR,ERROR,ERROR,ERROR,REDUCE Statement,REDUCE Statement,REDUCE Statement,REDUCE Statement,REDUCE Statement,REDUCE Statement,REDUCE Statement,REDUCE Statement,REDUCE Statement,REDUCE Statement,ERROR,REDUCE Statement,ERROR,ERROR,ERROR,ERROR,ERROR,ERROR,ERROR,ERROR,ERROR,ERROR,ERROR,ERROR,ERROR,ERROR,ERROR,ERROR,ERROR,ERROR,ERROR,ERROR,ERROR,ERROR,ERROR,ERROR,ERROR
73,ERROR,ERROR,PUSH_GOTO S99 NoSem,ERROR,ERROR,PUSH_GOTO S99 NoSem,ERROR,ERROR,ERROR,ERROR,ERROR,ERROR,ERROR,SHIFT S74 NoSem,PUSH_GOTO S99 NoSem,PUSH_GOTO S99 NoSem,PUSH_GOTO S99 NoSem,PUSH_GOTO S99 NoSem,ERROR,ERROR,ERROR,ERROR,ERROR,ERROR,ERROR,ERROR,ERROR,ERROR,ERROR,ERROR,ERROR,ERROR,ERROR,PUSH_GOTO S99 NoSem,PUSH_GOTO S99 NoSem,PUSH_GOTO S99 NoSem,ERROR,ERROR,ERROR,ERROR,ERROR,ERROR,ERROR,ERROR,ERROR,ERROR,ERROR,ERROR,ERROR,ERROR,ERROR,GOTO S75 NoSem,ERROR,ERROR,ERROR,ERROR
74,ERROR,ERROR,REDUCE Statement,ERROR,REDUCE Statement,ERROR,ERROR,ERROR,ERROR,ERROR,ERROR,ERROR,REDUCE Statement,ERROR,ERROR,ERROR,ERROR,ERROR,ERROR,REDUCE Statement,REDUCE Statement,REDUCE Statement,REDUCE Statement,REDUCE Statement,REDUCE Statement,REDUCE Statement,REDUCE Statement,REDUCE Statement,REDUCE Statement,ERROR,REDUCE Statement,ERROR,ERROR,ERROR,ERROR,ERROR,ERROR,ERROR,ERROR,ERROR,ERROR,ERROR,ERROR,ERROR,ERROR,ERROR,ERROR,ERROR,ERROR,ERROR,ERROR,ERROR,ERROR,ERROR,ERROR,ERROR
75,ERROR,ERROR,ERROR,ERROR,ERROR,ERROR,ERROR,ERROR,ERROR,ERROR,ERROR,ERROR,ERROR,SHIFT S74 NoSem,ERROR,ERROR,ERROR,ERROR,ERROR,ERROR,ERROR,ERROR,ERROR,ERROR,ERROR,ERROR,ERROR,ERROR,ERROR,ERROR,ERROR,ERROR,ERROR,ERROR,ERROR,ERROR,ERROR,ERROR,ERROR,ERROR,ERROR,ERROR,ERROR,ERROR,ERROR,ERROR,ERROR,ERROR,ERROR,ERROR,ERROR,ERROR,ERROR,ERROR,ERROR,ERROR
76,ERROR,ERROR,PUSH_GOTO S112 NoSem,ERROR,ERROR,ERROR,ERROR,ERROR,ERROR,ERROR,ERROR,ERROR,ERROR,ERROR,ERROR,ERROR,ERROR,ERROR,ERROR,ERROR,ERROR,ERROR,SHIFT S78 NoSem,SHIFT S87 NoSem,SHIFT S53 NoSem,SHIFT S63 NoSem,SHIFT S66 NoSem,SHIFT S68 NoSem,SHIFT S73 NoSem,ERROR,ERROR,ERROR,ERROR,ERROR,ERROR,ERROR,ERROR,ERROR,ERROR,ERROR,ERROR,ERROR,ERROR,ERROR,ERROR,ERROR,ERROR,GOTO S77 NoSem,ERROR,ERROR,ERROR,ERROR,ERROR,ERROR,ERROR,ERROR
77,ERROR,ERROR,ERROR,ERROR,ERROR,ERROR,ERROR,ERROR,ERROR,ERROR,ERROR,ERROR,ERROR,SHIFT S85 @assignment,ERROR,ERROR,ERROR,ERROR,ERROR,ERROR,ERROR,ERROR,ERROR,ERROR,ERROR,ERROR,ERROR,ERROR,ERROR,ERROR,ERROR,ERROR,ERROR,ERROR,ERROR,ERROR,ERROR,ERROR,ERROR,ERROR,ERROR,ERROR,ERROR,ERROR,ERROR,ERROR,ERROR,ERROR,ERROR,ERROR,ERROR,ERROR,ERROR,ERROR,ERROR,ERROR
78,ERROR,ERROR,ERROR,ERROR,ERROR,SHIFT S79 NoSem,ERROR,ERROR,ERROR,ERROR,ERROR,ERROR,ERROR,ERROR,ERROR,ERROR,ERROR,ERROR,ERROR,ERROR,ERROR,ERROR,ERROR,ERROR,ERROR,ERROR,ERROR,ERROR,ERROR,ERROR,ERROR,ERROR,ERROR,ERROR,ERROR,ERROR,ERROR,ERROR,ERROR,ERROR,ERROR,ERROR,ERROR,ERROR,ERROR,ERROR,ERROR,ERROR,ERROR,ERROR,ERROR,ERROR,ERROR,ERROR,ERROR,ERROR
79,ERROR,ERROR,PUSH_GOTO S99 NoSem,ERROR,ERROR,PUSH_GOTO S99 NoSem,ERROR,ERROR,ERROR,ERROR,ERROR,ERROR,ERROR,ERROR,PUSH_GOTO S99 NoSem,PUSH_GOTO S99 NoSem,PUSH_GOTO S99 NoSem,PUSH_GOTO S99 NoSem,ERROR,ERROR,ERROR,ERROR,ERROR,ERROR,ERROR,ERROR,ERROR,ERROR,ERROR,ERROR,ERROR,ERROR,ERROR,PUSH_GOTO S99 NoSem,PUSH_GOTO S99 NoSem,PUSH_GOTO S99 NoSem,ERROR,ERROR,ERROR,ERROR,ERROR,ERROR,ERROR,ERROR,ERROR,ERROR,ERROR,ERROR,ERROR,ERROR,ERROR,GOTO S80 NoSem,ERROR,ERROR,ERROR,ERROR
80,ERROR,ERROR,ERROR,ERROR,ERROR,ERROR,ERROR,SHIFT S81 NoSem,ERROR,ERROR,ERROR,ERROR,ERROR,ERROR,ERROR,ERROR,ERROR,ERROR,ERROR,ERROR,ERROR,ERROR,ERROR,ERROR,ERROR,ERROR,ERROR,ERROR,ERROR,ERROR,ERROR,ERROR,ERROR,ERROR,ERROR,ERROR,ERROR,ERROR,ERROR,ERROR,ERROR,ERROR,ERROR,ERROR,ERROR,ERROR,ERROR,ERROR,ERROR,ERROR,ERROR,ERROR,ERROR,ERROR,ERROR,ERROR
81,ERROR,ERROR,ERROR,ERROR,ERROR,ERROR,ERROR,ERROR,ERROR,ERROR,ERROR,ERROR,ERROR,ERROR,ERROR,ERROR,ERROR,ERROR,ERROR,ERROR,ERROR,ERROR,ERROR,ERROR,ERROR,ERROR,ERROR,ERROR,ERROR,SHIFT S82 @JZ,ERROR,ERROR,ERROR,ERROR,ERROR,ERROR,ERROR,ERROR,ERROR,ERROR,ERROR,ERROR,ERROR,ERROR,ERROR,ERROR,ERROR,ERROR,ERROR,ERROR,ERROR,ERROR,ERROR,ERROR,ERROR,ERROR
82,ERROR,ERROR,PUSH_GOTO S76 NoSem,ERROR,ERROR,ERROR,ERROR,ERROR,ERROR,ERROR,ERROR,ERROR,PUSH_GOTO S20 NoSem,ERROR,ERROR,ERROR,ERROR,ERROR,ERROR,ERROR,ERROR,ERROR,PUSH_GOTO S76 NoSem,PUSH_GOTO S76 NoSem,PUSH_GOTO S76 NoSem,PUSH_GOTO S76 NoSem,PUSH_GOTO S76 NoSem,PUSH_GOTO S76 NoSem,PUSH_GOTO S76 NoSem,ERROR,ERROR,ERROR,ERROR,ERROR,ERROR,ERROR,ERROR,ERROR,ERROR,ERROR,ERROR,ERROR,ERROR,ERROR,ERROR,ERROR,ERROR,ERROR,GOTO S83 @CJZ,ERROR,GOTO S83 @CJZ,ERROR,ERROR,ERROR,ERROR,ERROR
83,ERROR,ERROR,PUSH_GOTO S76 NoSem,ERROR,ERROR,ERROR,ERROR,ERROR,ERROR,ERROR,ERROR,ERROR,PUSH_GOTO S20 NoSem,ERROR,ERROR,ERROR,ERROR,ERROR,ERROR,ERROR,ERROR,SHIFT S84 @pop,PUSH_GOTO S76 NoSem,PUSH_GOTO S76 NoSem,PUSH_GOTO S76 NoSem,PUSH_GOTO S76 NoSem,PUSH_GOTO S76 NoSem,PUSH_GOTO S76 NoSem,PUSH_GOTO S76 NoSem,ERROR,SHIFT S86 @JP,ERROR,ERROR,ERROR,ERROR,ERROR,ERROR,ERROR,ERROR,ERROR,ERROR,ERROR,ERROR,ERROR,ERROR,ERROR,ERROR,ERROR,GOTO S83 @CJZ,ERROR,GOTO S83 @CJZ,ERROR,ERROR,ERROR,ERROR,ERROR
84,ERROR,ERROR,REDUCE Statement,ERROR,REDUCE Statement,ERROR,ERROR,ERROR,ERROR,ERROR,ERROR,ERROR,REDUCE Statement,ERROR,ERROR,ERROR,ERROR,ERROR,ERROR,REDUCE Statement,REDUCE Statement,REDUCE Statement,REDUCE Statement,REDUCE Statement,REDUCE Statement,REDUCE Statement,REDUCE Statement,REDUCE Statement,REDUCE Statement,ERROR,REDUCE Statement,ERROR,ERROR,ERROR,ERROR,ERROR,ERROR,ERROR,ERROR,ERROR,ERROR,ERROR,ERROR,ERROR,ERROR,ERROR,ERROR,ERROR,ERROR,ERROR,ERROR,ERROR,ERROR,ERROR,ERROR,ERROR
85,ERROR,ERROR,REDUCE Statement,ERROR,REDUCE Statement,ERROR,ERROR,ERROR,ERROR,ERROR,ERROR,ERROR,REDUCE Statement,ERROR,ERROR,ERROR,ERROR,ERROR,ERROR,REDUCE Statement,REDUCE Statement,REDUCE Statement,REDUCE Statement,REDUCE Statement,REDUCE Statement,REDUCE Statement,REDUCE Statement,REDUCE Statement,REDUCE Statement,ERROR,REDUCE Statement,ERROR,ERROR,ERROR,ERROR,ERROR,ERROR,ERROR,ERROR,ERROR,ERROR,ERROR,ERROR,ERROR,ERROR,ERROR,ERROR,ERROR,ERROR,ERROR,ERROR,ERROR,ERROR,ERROR,ERROR,ERROR
86,ERROR,ERROR,PUSH_GOTO S76 NoSem,ERROR,ERROR,ERROR,ERROR,ERROR,ERROR,ERROR,ERROR,ERROR,PUSH_GOTO S20 NoSem,ERROR,ERROR,ERROR,ERROR,ERROR,ERROR,ERROR,ERROR,ERROR,PUSH_GOTO S76 NoSem,PUSH_GOTO S76 NoSem,PUSH_GOTO S76 NoSem,PUSH_GOTO S76 NoSem,PUSH_GOTO S76 NoSem,PUSH_GOTO S76 NoSem,PUSH_GOTO S76 NoSem,ERROR,ERROR,ERROR,ERROR,ERROR,ERROR,ERROR,ERROR,ERROR,ERROR,ERROR,ERROR,ERROR,ERROR,ERROR,ERROR,ERROR,ERROR,ERROR,GOTO S64 @CJP,ERROR,GOTO S64 CJP,ERROR,ERROR,ERROR,ERROR,ERROR
87,ERROR,ERROR,ERROR,ERROR,ERROR,SHIFT S88 @push_pc,ERROR,ERROR,ERROR,ERROR,ERROR,ERROR,ERROR,ERROR,ERROR,ERROR,ERROR,ERROR,ERROR,ERROR,ERROR,ERROR,ERROR,ERROR,ERROR,ERROR,ERROR,ERROR,ERROR,ERROR,ERROR,ERROR,ERROR,ERROR,ERROR,ERROR,ERROR,ERROR,ERROR,ERROR,ERROR,ERROR,ERROR,ERROR,ERROR,ERROR,ERROR,ERROR,ERROR,ERROR,ERROR,ERROR,ERROR,ERROR,ERROR,ERROR
88,ERROR,ERROR,PUSH_GOTO S99 NoSem,ERROR,ERROR,PUSH_GOTO S99 NoSem,ERROR,ERROR,ERROR,ERROR,ERROR,ERROR,ERROR,ERROR,PUSH_GOTO S99 NoSem,PUSH_GOTO S99 NoSem,PUSH_GOTO S99 NoSem,PUSH_GOTO S99 NoSem,ERROR,ERROR,ERROR,ERROR,ERROR,ERROR,ERROR,ERROR,ERROR,ERROR,ERROR,ERROR,ERROR,ERROR,ERROR,PUSH_GOTO S99 NoSem,PUSH_GOTO S99 NoSem,PUSH_GOTO S99 NoSem,ERROR,ERROR,ERROR,ERROR,ERROR,ERROR,ERROR,ERROR,ERROR,ERROR,ERROR,ERROR,ERROR,ERROR,ERROR,GOTO S89 @JZ,ERROR,ERROR,ERROR,ERROR
89,ERROR,ERROR,ERROR,ERROR,ERROR,ERROR,ERROR,SHIFT S90 NoSem,ERROR,ERROR,ERROR,ERROR,ERROR,ERROR,ERROR,ERROR,ERROR,ERROR,ERROR,ERROR,ERROR,ERROR,ERROR,ERROR,ERROR,ERROR,ERROR,ERROR,ERROR,ERROR,ERROR,ERROR,ERROR,ERROR,ERROR,ERROR,ERROR,ERROR,ERROR,ERROR,ERROR,ERROR,ERROR,ERROR,ERROR,ERROR,ERROR,ERROR,ERROR,ERROR,ERROR,ERROR,ERROR,ERROR,ERROR,ERROR
90,ERROR,ERROR,ERROR,ERROR,ERROR,ERROR,ERROR,ERROR,ERROR,ERROR,ERROR,ERROR,ERROR,ERROR,ERROR,ERROR,ERROR,ERROR,ERROR,ERROR,ERROR,ERROR,ERROR,ERROR,ERROR,ERROR,ERROR,ERROR,ERROR,ERROR,ERROR,SHIFT S91 NoSem,ERROR,ERROR,ERROR,ERROR,ERROR,ERROR,ERROR,ERROR,ERROR,ERROR,ERROR,ERROR,ERROR,ERROR,ERROR,ERROR,ERROR,ERROR,ERROR,ERROR,ERROR,ERROR,ERROR,ERROR
91,ERROR,ERROR,PUSH_GOTO S76 NoSem,ERROR,ERROR,ERROR,ERROR,ERROR,ERROR,ERROR,ERROR,ERROR,ERROR,ERROR,ERROR,ERROR,ERROR,ERROR,ERROR,ERROR,ERROR,ERROR,PUSH_GOTO S76 NoSem,PUSH_GOTO S76 NoSem,PUSH_GOTO S76 NoSem,PUSH_GOTO S76 NoSem,PUSH_GOTO S76 NoSem,PUSH_GOTO S76 NoSem,PUSH_GOTO S76 NoSem,ERROR,ERROR,ERROR,ERROR,ERROR,ERROR,ERROR,ERROR,ERROR,ERROR,ERROR,ERROR,ERROR,ERROR,ERROR,ERROR,ERROR,ERROR,ERROR,ERROR,ERROR,GOTO S51 NoSem,ERROR,ERROR,ERROR,ERROR,ERROR
92,ERROR,ERROR,PUSH_GOTO S99 NoSem,ERROR,ERROR,PUSH_GOTO S99 NoSem,SHIFT S109 NoSem,ERROR,ERROR,ERROR,ERROR,ERROR,ERROR,ERROR,PUSH_GOTO S99 NoSem,PUSH_GOTO S99 NoSem,PUSH_GOTO S99 NoSem,PUSH_GOTO S99 NoSem,ERROR,ERROR,ERROR,ERROR,ERROR,ERROR,ERROR,ERROR,ERROR,ERROR,ERROR,ERROR,ERROR,ERROR,SHIFT S100 NoSem,PUSH_GOTO S99 NoSem,PUSH_GOTO S99 NoSem,PUSH_GOTO S99 NoSem,ERROR,ERROR,ERROR,ERROR,ERROR,ERROR,ERROR,ERROR,ERROR,ERROR,ERROR,ERROR,ERROR,ERROR,ERROR,GOTO S94 NoSem,ERROR,ERROR,ERROR,ERROR
93,ERROR,ERROR,ERROR,ERROR,ERROR,ERROR,ERROR,ERROR,ERROR,ERROR,SHIFT S100 NoSem,ERROR,ERROR,ERROR,ERROR,ERROR,ERROR,ERROR,ERROR,ERROR,ERROR,ERROR,ERROR,ERROR,ERROR,ERROR,ERROR,ERROR,ERROR,ERROR,ERROR,ERROR,ERROR,ERROR,ERROR,ERROR,ERROR,ERROR,ERROR,ERROR,ERROR,ERROR,ERROR,ERROR,ERROR,ERROR,ERROR,ERROR,ERROR,ERROR,ERROR,ERROR,ERROR,ERROR,ERROR,ERROR
94,ERROR,ERROR,ERROR,ERROR,ERROR,ERROR,ERROR,ERROR,ERROR,SHIFT S95 NoSem,ERROR,ERROR,ERROR,ERROR,ERROR,ERROR,ERROR,ERROR,ERROR,ERROR,ERROR,ERROR,ERROR,ERROR,ERROR,ERROR,ERROR,ERROR,ERROR,ERROR,ERROR,ERROR,SHIFT S100 NoSem,ERROR,ERROR,ERROR,ERROR,ERROR,ERROR,ERROR,ERROR,ERROR,ERROR,ERROR,ERROR,ERROR,ERROR,ERROR,ERROR,ERROR,ERROR,ERROR,ERROR,ERROR,ERROR,ERROR
95,ERROR,ERROR,PUSH_GOTO S47 NoSem,ERROR,ERROR,PUSH_GOTO S47 NoSem,ERROR,ERROR,ERROR,ERROR,ERROR,ERROR,ERROR,ERROR,PUSH_GOTO S47 NoSem,PUSH_GOTO S47 NoSem,PUSH_GOTO S47 NoSem,PUSH_GOTO S47 NoSem,ERROR,ERROR,ERROR,ERROR,ERROR,ERROR,ERROR,ERROR,ERROR,ERROR,ERROR,ERROR,ERROR,ERROR,ERROR,ERROR,ERROR,ERROR,ERROR,ERROR,ERROR,ERROR,ERROR,ERROR,ERROR,ERROR,ERROR,ERROR,ERROR,ERROR,ERROR,GOTO S94 NoSem,ERROR,ERROR,ERROR,ERROR,ERROR,ERROR
96,ERROR,ERROR,PUSH_GOTO S122 NoSem,ERROR,ERROR,PUSH_GOTO S122 NoSem,ERROR,ERROR,ERROR,ERROR,ERROR,ERROR,ERROR,ERROR,PUSH_GOTO S122 NoSem,PUSH_GOTO S122 NoSem,PUSH_GOTO S122 NoSem,PUSH_GOTO S122 NoSem,ERROR,ERROR,ERROR,ERROR,ERROR,ERROR,ERROR,ERROR,ERROR,ERROR,ERROR,ERROR,ERROR,ERROR,ERROR,ERROR,ERROR,ERROR,ERROR,ERROR,ERROR,ERROR,ERROR,ERROR,ERROR,ERROR,ERROR,ERROR,ERROR,ERROR,ERROR,ERROR,ERROR,ERROR,ERROR,ERROR,GOTO S100 @add_minus,ERROR
97,ERROR,ERROR,REDUCE FExpression,ERROR,ERROR,REDUCE FExpression,ERROR,REDUCE FExpression,REDUCE FExpression,REDUCE FExpression,REDUCE FExpression,ERROR,ERROR,REDUCE FExpression,REDUCE FExpression,REDUCE FExpression,REDUCE FExpression,REDUCE FExpression,ERROR,ERROR,ERROR,ERROR,ERROR,ERROR,ERROR,ERROR,ERROR,ERROR,ERROR,ERROR,ERROR,ERROR,REDUCE FExpression,REDUCE FExpression,REDUCE FExpression,REDUCE FExpression,REDUCE FExpression,REDUCE FExpression,REDUCE FExpression,ERROR,ERROR,ERROR,ERROR,REDUCE FExpression,REDUCE FExpression,REDUCE FExpression,REDUCE FExpression,ERROR,ERROR,ERROR,ERROR,ERROR,ERROR,ERROR,ERROR,ERROR
98,ERROR,ERROR,PUSH_GOTO S47 NoSem,ERROR,ERROR,PUSH_GOTO S47 NoSem,ERROR,ERROR,ERROR,ERROR,ERROR,ERROR,ERROR,ERROR,PUSH_GOTO S47 NoSem,PUSH_GOTO S47 NoSem,PUSH_GOTO S47 NoSem,PUSH_GOTO S47 NoSem,ERROR,ERROR,ERROR,ERROR,ERROR,ERROR,ERROR,ERROR,ERROR,ERROR,ERROR,ERROR,ERROR,ERROR,ERROR,ERROR,ERROR,ERROR,ERROR,ERROR,ERROR,ERROR,ERROR,ERROR,ERROR,ERROR,ERROR,ERROR,ERROR,ERROR,ERROR,GOTO S100 NoSem,ERROR,ERROR,ERROR,ERROR,ERROR,ERROR
99,ERROR,ERROR,PUSH_GOTO S122 NoSem,ERROR,ERROR,PUSH_GOTO S122 NoSem,ERROR,ERROR,ERROR,ERROR,ERROR,ERROR,ERROR,ERROR,PUSH_GOTO S122 NoSem,PUSH_GOTO S122 NoSem,PUSH_GOTO S122 NoSem,PUSH_GOTO S122 NoSem,ERROR,ERROR,ERROR,ERROR,ERROR,ERROR,ERROR,ERROR,ERROR,ERROR,ERROR,ERROR,ERROR,ERROR,ERROR,SHIFT S102 NoSem,SHIFT S98 NoSem,SHIFT S98 NoSem,ERROR,ERROR,ERROR,ERROR,ERROR,ERROR,ERROR,ERROR,ERROR,ERROR,ERROR,ERROR,ERROR,ERROR,ERROR,ERROR,ERROR,ERROR,GOTO S100 NoSem,ERROR
100,ERROR,ERROR,PUSH_GOTO S47 NoSem,ERROR,ERROR,PUSH_GOTO S47 NoSem,ERROR,REDUCE FExpression,SHIFT S110 NoSem,REDUCE FExpression,REDUCE FExpression,ERROR,ERROR,REDUCE FExpression,PUSH_GOTO S47 NoSem,PUSH_GOTO S47 NoSem,PUSH_GOTO S47 NoSem,PUSH_GOTO S47 NoSem,ERROR,ERROR,ERROR,ERROR,ERROR,ERROR,ERROR,ERROR,ERROR,ERROR,ERROR,ERROR,ERROR,ERROR,REDUCE FExpression,REDUCE FExpression,SHIFT S97 NoSem,SHIFT S97 NoSem,SHIFT S96 @push,SHIFT S96 @push,SHIFT S101 @push,ERROR,ERROR,ERROR,ERROR,REDUCE FExpression,REDUCE FExpression,REDUCE FExpression,REDUCE FExpression,ERROR,ERROR,GOTO S100 NoSem,ERROR,ERROR,ERROR,ERROR,ERROR,ERROR
101,ERROR,ERROR,PUSH_GOTO S122 NoSem,ERROR,ERROR,PUSH_GOTO S122 NoSem,ERROR,ERROR,ERROR,ERROR,ERROR,ERROR,ERROR,ERROR,PUSH_GOTO S122 NoSem,PUSH_GOTO S122 NoSem,PUSH_GOTO S122 NoSem,PUSH_GOTO S122 NoSem,ERROR,ERROR,ERROR,ERROR,ERROR,ERROR,ERROR,ERROR,ERROR,ERROR,ERROR,ERROR,ERROR,ERROR,ERROR,ERROR,ERROR,ERROR,ERROR,ERROR,ERROR,ERROR,ERROR,ERROR,ERROR,ERROR,ERROR,ERROR,ERROR,ERROR,ERROR,ERROR,ERROR,ERROR,ERROR,ERROR,GOTO S100 @boolean_exp,ERROR
102,ERROR,ERROR,ERROR,ERROR,ERROR,ERROR,ERROR,ERROR,ERROR,ERROR,ERROR,ERROR,ERROR,ERROR,ERROR,ERROR,ERROR,ERROR,ERROR,ERROR,ERROR,ERROR,ERROR,ERROR,ERROR,ERROR,ERROR,ERROR,ERROR,ERROR,ERROR,ERROR,ERROR,ERROR,ERROR,ERROR,ERROR,ERROR,ERROR,SHIFT S103 NoSem,ERROR,ERROR,ERROR,ERROR,ERROR,ERROR,ERROR,ERROR,ERROR,ERROR,ERROR,ERROR,ERROR,ERROR,ERROR,ERROR
103,ERROR,ERROR,ERROR,ERROR,ERROR,ERROR,ERROR,ERROR,ERROR,ERROR,ERROR,ERROR,ERROR,ERROR,ERROR,ERROR,ERROR,ERROR,ERROR,ERROR,ERROR,ERROR,ERROR,ERROR,ERROR,ERROR,ERROR,ERROR,ERROR,ERROR,ERROR,ERROR,ERROR,ERROR,ERROR,ERROR,ERROR,ERROR,ERROR,ERROR,SHIFT S104 NoSem,ERROR,ERROR,ERROR,ERROR,ERROR,ERROR,ERROR,ERROR,ERROR,ERROR,ERROR,ERROR,ERROR,ERROR,ERROR
104,ERROR,ERROR,SHIFT S105 NoSem,ERROR,ERROR,ERROR,SHIFT S105 NoSem,ERROR,ERROR,ERROR,ERROR,ERROR,ERROR,ERROR,ERROR,ERROR,ERROR,ERROR,ERROR,ERROR,ERROR,ERROR,ERROR,ERROR,ERROR,ERROR,ERROR,ERROR,ERROR,ERROR,ERROR,ERROR,ERROR,ERROR,ERROR,ERROR,ERROR,ERROR,ERROR,ERROR,ERROR,ERROR,ERROR,ERROR,ERROR,ERROR,ERROR,ERROR,ERROR,ERROR,ERROR,ERROR,ERROR,ERROR,ERROR,ERROR
105,ERROR,ERROR,ERROR,ERROR,ERROR,ERROR,ERROR,ERROR,ERROR,SHIFT S106 NoSem,ERROR,ERROR,ERROR,ERROR,ERROR,ERROR,ERROR,ERROR,ERROR,ERROR,ERROR,ERROR,ERROR,ERROR,ERROR,ERROR,ERROR,ERROR,ERROR,ERROR,ERROR,ERROR,ERROR,ERROR,ERROR,ERROR,ERROR,ERROR,ERROR,ERROR,ERROR,ERROR,ERROR,ERROR,ERROR,ERROR,ERROR,ERROR,ERROR,ERROR,ERROR,ERROR,ERROR,ERROR,ERROR,ERROR
106,ERROR,ERROR,PUSH_GOTO S47 NoSem,ERROR,ERROR,PUSH_GOTO S47 NoSem,ERROR,ERROR,ERROR,ERROR,ERROR,ERROR,ERROR,ERROR,PUSH_GOTO S47 NoSem,PUSH_GOTO S47 NoSem,PUSH_GOTO S47 NoSem,PUSH_GOTO S47 NoSem,ERROR,ERROR,ERROR,ERROR,ERROR,ERROR,ERROR,ERROR,ERROR,ERROR,ERROR,ERROR,ERROR,ERROR,ERROR,ERROR,ERROR,ERROR,ERROR,ERROR,ERROR,ERROR,ERROR,ERROR,ERROR,ERROR,ERROR,ERROR,ERROR,ERROR,ERROR,GOTO S107 NoSem,ERROR,ERROR,ERROR,ERROR,ERROR,ERROR
107,ERROR,ERROR,ERROR,ERROR,ERROR,ERROR,ERROR,ERROR,ERROR,ERROR,ERROR,ERROR,ERROR,ERROR,ERROR,ERROR,ERROR,ERROR,ERROR,ERROR,ERROR,ERROR,ERROR,ERROR,ERROR,ERROR,ERROR,ERROR,ERROR,ERROR,ERROR,ERROR,SHIFT S108 NoSem,ERROR,ERROR,ERROR,ERROR,ERROR,ERROR,ERROR,ERROR,ERROR,ERROR,ERROR,ERROR,ERROR,ERROR,ERROR,ERROR,ERROR,ERROR,ERROR,ERROR,ERROR,ERROR,ERROR
108,ERROR,ERROR,REDUCE FExpression,ERROR,ERROR,REDUCE FExpression,ERROR,REDUCE FExpression,REDUCE FExpression,REDUCE FExpression,REDUCE FExpression,ERROR,ERROR,REDUCE FExpression,REDUCE FExpression,REDUCE FExpression,REDUCE FExpression,REDUCE FExpression,ERROR,ERROR,ERROR,ERROR,ERROR,ERROR,ERROR,ERROR,ERROR,ERROR,ERROR,ERROR,ERROR,ERROR,REDUCE FExpression,REDUCE FExpression,REDUCE FExpression,REDUCE FExpression,REDUCE FExpression,REDUCE FExpression,REDUCE FExpression,ERROR,ERROR,ERROR,ERROR,REDUCE FExpression,REDUCE FExpression,REDUCE FExpression,REDUCE FExpression,ERROR,ERROR,ERROR,ERROR,ERROR,ERROR,ERROR,ERROR,ERROR
109,ERROR,ERROR,ERROR,ERROR,ERROR,ERROR,ERROR,ERROR,ERROR,ERROR,ERROR,ERROR,ERROR,ERROR,ERROR,ERROR,ERROR,ERROR,ERROR,ERROR,ERROR,ERROR,ERROR,ERROR,ERROR,ERROR,ERROR,ERROR,ERROR,ERROR,ERROR,ERROR,ERROR,ERROR,ERROR,ERROR,ERROR,ERROR,ERROR,ERROR,ERROR,SHIFT S100 NoSem,ERROR,ERROR,ERROR,ERROR,ERROR,ERROR,ERROR,ERROR,ERROR,ERROR,ERROR,ERROR,ERROR,ERROR
110,ERROR,ERROR,PUSH_GOTO S99 NoSem,ERROR,ERROR,PUSH_GOTO S99 NoSem,ERROR,ERROR,ERROR,ERROR,ERROR,ERROR,ERROR,ERROR,PUSH_GOTO S99 NoSem,PUSH_GOTO S99 NoSem,PUSH_GOTO S99 NoSem,PUSH_GOTO S99 NoSem,ERROR,ERROR,ERROR,ERROR,ERROR,ERROR,ERROR,ERROR,ERROR,ERROR,ERROR,ERROR,ERROR,ERROR,ERROR,PUSH_GOTO S99 NoSem,PUSH_GOTO S99 NoSem,PUSH_GOTO S99 NoSem,ERROR,ERROR,ERROR,ERROR,ERROR,ERROR,ERROR,ERROR,ERROR,ERROR,ERROR,ERROR,ERROR,ERROR,ERROR,GOTO S93 NoSem,ERROR,ERROR,ERROR,ERROR
111,ERROR,ERROR,PUSH_GOTO S112 NoSem,ERROR,ERROR,ERROR,ERROR,REDUCE Assignment,ERROR,ERROR,ERROR,ERROR,ERROR,REDUCE Assignment,ERROR,ERROR,ERROR,ERROR,ERROR,ERROR,ERROR,ERROR,ERROR,ERROR,ERROR,ERROR,ERROR,ERROR,ERROR,ERROR,ERROR,ERROR,ERROR,ERROR,ERROR,ERROR,ERROR,ERROR,ERROR,ERROR,ERROR,ERROR,ERROR,ERROR,ERROR,ERROR,ERROR,GOTO S111 NoSem,ERROR,ERROR,ERROR,ERROR,ERROR,ERROR,ERROR,ERROR
112,ERROR,ERROR,SHIFT S113 @push,ERROR,ERROR,ERROR,ERROR,ERROR,ERROR,ERROR,ERROR,ERROR,ERROR,ERROR,ERROR,ERROR,ERROR,ERROR,ERROR,ERROR,ERROR,ERROR,ERROR,ERROR,ERROR,ERROR,ERROR,ERROR,ERROR,ERROR,ERROR,ERROR,ERROR,ERROR,ERROR,ERROR,ERROR,ERROR,ERROR,ERROR,ERROR,ERROR,ERROR,ERROR,ERROR,ERROR,ERROR,ERROR,ERROR,ERROR,ERROR,ERROR,ERROR,ERROR,ERROR,ERROR
113,ERROR,ERROR,ERROR,ERROR,ERROR,ERROR,ERROR,ERROR,SHIFT S118 NoSem,ERROR,ERROR,ERROR,ERROR,ERROR,ERROR,ERROR,ERROR,ERROR,SHIFT S112 NoSem,ERROR,ERROR,ERROR,ERROR,ERROR,ERROR,ERROR,ERROR,ERROR,ERROR,ERROR,ERROR,ERROR,ERROR,ERROR,SHIFT S111 @push,SHIFT S111 @push,ERROR,ERROR,ERROR,ERROR,ERROR,ERROR,SHIFT S120 @push,ERROR,ERROR,ERROR,ERROR,ERROR,ERROR,ERROR,ERROR,ERROR,ERROR,ERROR,ERROR,ERROR
114,ERROR,ERROR,SHIFT S115 NoSem,ERROR,ERROR,ERROR,ERROR,ERROR,ERROR,ERROR,ERROR,ERROR,ERROR,ERROR,ERROR,ERROR,ERROR,ERROR,ERROR,ERROR,ERROR,ERROR,ERROR,ERROR,ERROR,ERROR,ERROR,ERROR,ERROR,ERROR,ERROR,ERROR,ERROR,ERROR,ERROR,ERROR,ERROR,ERROR,ERROR,ERROR,ERROR,ERROR,ERROR,ERROR,ERROR,ERROR,ERROR,ERROR,ERROR,ERROR,ERROR,ERROR,ERROR,ERROR,ERROR,ERROR
115,ERROR,ERROR,REDUCE Assignment,ERROR,ERROR,ERROR,ERROR,REDUCE Assignment,SHIFT S116 NoSem,ERROR,ERROR,ERROR,ERROR,REDUCE Assignment,ERROR,ERROR,ERROR,ERROR,SHIFT S114 NoSem,ERROR,ERROR,ERROR,ERROR,ERROR,ERROR,ERROR,ERROR,ERROR,ERROR,ERROR,ERROR,ERROR,ERROR,ERROR,ERROR,ERROR,ERROR,ERROR,ERROR,ERROR,ERROR,ERROR,ERROR,ERROR,ERROR,ERROR,ERROR,ERROR,ERROR,ERROR,ERROR,ERROR,ERROR,ERROR,ERROR,ERROR
116,ERROR,ERROR,PUSH_GOTO S99 NoSem,ERROR,ERROR,PUSH_GOTO S99 NoSem,ERROR,ERROR,ERROR,ERROR,ERROR,ERROR,ERROR,ERROR,PUSH_GOTO S99 NoSem,PUSH_GOTO S99 NoSem,PUSH_GOTO S99 NoSem,PUSH_GOTO S99 NoSem,ERROR,ERROR,ERROR,ERROR,ERROR,ERROR,ERROR,ERROR,ERROR,ERROR,ERROR,ERROR,ERROR,ERROR,ERROR,PUSH_GOTO S99 NoSem,PUSH_GOTO S99 NoSem,PUSH_GOTO S99 NoSem,ERROR,ERROR,ERROR,ERROR,ERROR,ERROR,ERROR,ERROR,ERROR,ERROR,ERROR,ERROR,ERROR,ERROR,ERROR,GOTO S117 NoSem,ERROR,ERROR,ERROR,ERROR
117,ERROR,ERROR,ERROR,ERROR,ERROR,ERROR,ERROR,ERROR,ERROR,ERROR,SHIFT S115 NoSem,ERROR,ERROR,ERROR,ERROR,ERROR,ERROR,ERROR,ERROR,ERROR,ERROR,ERROR,ERROR,ERROR,ERROR,ERROR,ERROR,ERROR,ERROR,ERROR,ERROR,ERROR,ERROR,ERROR,ERROR,ERROR,ERROR,ERROR,ERROR,ERROR,ERROR,ERROR,ERROR,ERROR,ERROR,ERROR,ERROR,ERROR,ERROR,ERROR,ERROR,ERROR,ERROR,ERROR,ERROR,ERROR
118,ERROR,ERROR,PUSH_GOTO S99 NoSem,ERROR,ERROR,PUSH_GOTO S99 NoSem,ERROR,ERROR,ERROR,ERROR,ERROR,ERROR,ERROR,ERROR,PUSH_GOTO S99 NoSem,PUSH_GOTO S99 NoSem,PUSH_GOTO S99 NoSem,PUSH_GOTO S99 NoSem,ERROR,ERROR,ERROR,ERROR,ERROR,ERROR,ERROR,ERROR,ERROR,ERROR,ERROR,ERROR,ERROR,ERROR,ERROR,PUSH_GOTO S99 NoSem,PUSH_GOTO S99 NoSem,PUSH_GOTO S99 NoSem,ERROR,ERROR,ERROR,ERROR,ERROR,ERROR,ERROR,ERROR,ERROR,ERROR,ERROR,ERROR,ERROR,ERROR,ERROR,GOTO S119 NoSem,ERROR,ERROR,ERROR,ERROR
119,ERROR,ERROR,ERROR,ERROR,ERROR,ERROR,ERROR,ERROR,ERROR,ERROR,SHIFT S113 NoSem,ERROR,ERROR,ERROR,ERROR,ERROR,ERROR,ERROR,ERROR,ERROR,ERROR,ERROR,ERROR,ERROR,ERROR,ERROR,ERROR,ERROR,ERROR,ERROR,ERROR,ERROR,ERROR,ERROR,ERROR,ERROR,ERROR,ERROR,ERROR,ERROR,ERROR,ERROR,ERROR,ERROR,ERROR,ERROR,ERROR,ERROR,ERROR,ERROR,ERROR,ERROR,ERROR,ERROR,ERROR,ERROR
120,ERROR,ERROR,PUSH_GOTO S99 NoSem,ERROR,ERROR,PUSH_GOTO S99 NoSem,ERROR,ERROR,ERROR,ERROR,ERROR,ERROR,ERROR,ERROR,PUSH_GOTO S99 NoSem,PUSH_GOTO S99 NoSem,PUSH_GOTO S99 NoSem,PUSH_GOTO S99 NoSem,ERROR,ERROR,ERROR,ERROR,ERROR,ERROR,ERROR,ERROR,ERROR,ERROR,ERROR,ERROR,ERROR,ERROR,ERROR,PUSH_GOTO S99 NoSem,PUSH_GOTO S99 NoSem,PUSH_GOTO S99 NoSem,ERROR,ERROR,ERROR,ERROR,ERROR,ERROR,ERROR,ERROR,ERROR,ERROR,ERROR,ERROR,ERROR,ERROR,ERROR,GOTO S111 NoSem,ERROR,ERROR,ERROR,ERROR
121,ERROR,ERROR,PUSH_GOTO S47 NoSem,ERROR,ERROR,PUSH_GOTO S47 NoSem,ERROR,ERROR,ERROR,ERROR,ERROR,ERROR,ERROR,ERROR,PUSH_GOTO S47 NoSem,PUSH_GOTO S47 NoSem,PUSH_GOTO S47 NoSem,PUSH_GOTO S47 NoSem,ERROR,ERROR,ERROR,ERROR,ERROR,ERROR,ERROR,ERROR,ERROR,ERROR,ERROR,ERROR,ERROR,ERROR,ERROR,ERROR,ERROR,ERROR,ERROR,ERROR,ERROR,ERROR,ERROR,ERROR,ERROR,ERROR,ERROR,ERROR,ERROR,ERROR,ERROR,GOTO S123 @times_divide_and,ERROR,ERROR,ERROR,ERROR,ERROR,ERROR
122,ERROR,ERROR,PUSH_GOTO S47 NoSem,ERROR,ERROR,PUSH_GOTO S47 NoSem,ERROR,ERROR,ERROR,ERROR,ERROR,ERROR,ERROR,ERROR,PUSH_GOTO S47 NoSem,PUSH_GOTO S47 NoSem,PUSH_GOTO S47 NoSem,PUSH_GOTO S47 NoSem,ERROR,ERROR,ERROR,ERROR,ERROR,ERROR,ERROR,ERROR,ERROR,ERROR,ERROR,ERROR,ERROR,ERROR,ERROR,ERROR,ERROR,ERROR,ERROR,ERROR,ERROR,ERROR,ERROR,ERROR,ERROR,ERROR,ERROR,ERROR,ERROR,ERROR,ERROR,GOTO S123 NoSem,ERROR,ERROR,ERROR,ERROR,ERROR,ERROR
123,ERROR,ERROR,REDUCE TERM,ERROR,ERROR,REDUCE TERM,ERROR,REDUCE TERM,REDUCE TERM,REDUCE TERM,REDUCE TERM,ERROR,ERROR,REDUCE TERM,REDUCE TERM,REDUCE TERM,REDUCE TERM,REDUCE TERM,ERROR,ERROR,ERROR,ERROR,ERROR,ERROR,ERROR,ERROR,ERROR,ERROR,ERROR,ERROR,ERROR,ERROR,REDUCE TERM,REDUCE TERM,REDUCE TERM,REDUCE TERM,REDUCE TERM,REDUCE TERM,REDUCE TERM,ERROR,ERROR,ERROR,ERROR,SHIFT S121 @push,SHIFT S121 @push,SHIFT S121 @push,SHIFT S121 @push,ERROR,ERROR,ERROR,ERROR,ERROR,ERROR,ERROR,ERROR,ERROR